#emoji, mean, std, frequency
# FACE WITH TEARS OF JOY	Emoticons
ğŸ˜‚	0.8838736151005334	3.2654922820248613	14622
# HEAVY BLACK HEART	Dingbats
â¤	2.9843478260869567	2.1076620890222144	8050
# BLACK HEART SUIT	Miscellaneous Symbols
â™¥	2.6304591265397534	2.1751553243526045	7144
# SMILING FACE WITH HEART-SHAPED EYES	Emoticons
ğŸ˜	2.711747130051895	2.269145709349035	6359
# LOUDLY CRYING FACE	Emoticons
ğŸ˜­	-0.3735070575461455	3.511963974455939	5526
# FACE THROWING A KISS	Emoticons
ğŸ˜˜	2.807017543859649	2.2453741648204404	3648
# SMILING FACE WITH SMILING EYES	Emoticons
ğŸ˜Š	2.578782172002511	2.358668328128781	3186
# OK HAND SIGN	Miscellaneous Symbols and Pictographs
ğŸ‘Œ	2.255042735042735	2.632975510882841	2925
# TWO HEARTS	Miscellaneous Symbols and Pictographs
ğŸ’•	2.5316666666666667	2.2443998207885234	2400
# CLAPPING HANDS SIGN	Miscellaneous Symbols and Pictographs
ğŸ‘	2.0821917808219177	2.705921586900292	2336
# GRINNING FACE WITH SMILING EYES	Emoticons
ğŸ˜	1.7999086340794883	2.83265239477812	2189
# WHITE SMILING FACE	Miscellaneous Symbols
â˜º	2.6323957322987392	2.363577074754239	2062
# WHITE HEART SUIT	Miscellaneous Symbols
â™¡	2.679493670886076	2.278364891555755	1975
# THUMBS UP SIGN	Miscellaneous Symbols and Pictographs
ğŸ‘	2.0884573894282634	2.7692148155725085	1854
# WEARY FACE	Emoticons
ğŸ˜©	-1.4734513274336283	3.294767041575239	1808
# PERSON WITH FOLDED HANDS	Emoticons
ğŸ™	1.6712150747238466	2.543658402528258	1539
# VICTORY HAND	Dingbats
âœŒ	1.8565840938722296	2.7546864773382427	1534
# SMIRKING FACE	Emoticons
ğŸ˜	1.3298291721419184	2.66929119369377	1522
# WINKING FACE	Emoticons
ğŸ˜‰	1.856673241288626	2.6751289260409066	1521
# PERSON RAISING BOTH HANDS IN CELEBRATION	Emoticons
ğŸ™Œ	2.241699867197875	2.6779336903962627	1506
# SEE-NO-EVIL MONKEY	Emoticons
ğŸ™ˆ	1.7307692307692308	3.0262656895369644	1456
# FLEXED BICEPS	Miscellaneous Symbols and Pictographs
ğŸ’ª	2.2228530872959547	2.49883210912088	1409
# SMILING FACE WITH OPEN MOUTH AND SMILING EYES	Emoticons
ğŸ˜„	1.688125894134478	2.8765768692781313	1398
# UNAMUSED FACE	Emoticons
ğŸ˜’	-1.4989169675090253	3.2680764582224686	1385
# DANCER	Miscellaneous Symbols and Pictographs
ğŸ’ƒ	2.943452380952381	2.1247728136526005	1344
# SPARKLING HEART	Miscellaneous Symbols and Pictographs
ğŸ’–	2.8535233570863023	2.1539890668909627	1263
# SMILING FACE WITH OPEN MOUTH	Emoticons
ğŸ˜ƒ	2.232172470978441	2.4956000598011094	1206
# PENSIVE FACE	Emoticons
ğŸ˜”	-0.5842323651452282	3.488059110873008	1205
# FACE SCREAMING IN FEAR	Emoticons
ğŸ˜±	0.7610619469026548	3.302116072109626	1130
# PARTY POPPER	Miscellaneous Symbols and Pictographs
ğŸ‰	2.958222222222222	2.0748304229383705	1125
# FACE WITH STUCK-OUT TONGUE AND WINKING EYE	Emoticons
ğŸ˜œ	1.8241545893719806	2.7431066233591097	1035
# YIN YANG	Miscellaneous Symbols
â˜¯	0.004032258064516129	0.4211924687522451	992
# CHERRY BLOSSOM	Miscellaneous Symbols and Pictographs
ğŸŒ¸	2.6088794926004226	2.2092648974646067	946
# PURPLE HEART	Miscellaneous Symbols and Pictographs
ğŸ’œ	2.6240681576144835	2.2378047349050076	939
# BLUE HEART	Miscellaneous Symbols and Pictographs
ğŸ’™	2.9298245614035086	2.0378837416937934	912
# SPARKLES	Dingbats
âœ¨	1.4103773584905661	2.296733909283659	848
# FLUSHED FACE	Emoticons
ğŸ˜³	0.07092198581560284	3.279664523445771	846
# GROWING HEART	Miscellaneous Symbols and Pictographs
ğŸ’—	2.6363636363636362	2.2809420914846554	836
# BLACK STAR	Miscellaneous Symbols
â˜…	1.1352657004830917	2.053878809988123	828
# FULL BLOCK	Block Elements
â–ˆ	-0.13032581453634084	1.5194833722046095	798
# BLACK SUN WITH RAYS	Miscellaneous Symbols
â˜€	1.8676844783715012	2.1994213863644334	786
# POUTING FACE	Emoticons
ğŸ˜¡	-0.6931216931216931	3.715547954775769	756
# SMILING FACE WITH SUNGLASSES	Emoticons
ğŸ˜	1.973474801061008	2.711472212601457	754
# CRYING FACE	Emoticons
ğŸ˜¢	0.0267022696929239	3.5228542323042937	749
# KISS MARK	Miscellaneous Symbols and Pictographs
ğŸ’‹	2.773841961852861	2.1498551265009	734
# FACE SAVOURING DELICIOUS FOOD	Emoticons
ğŸ˜‹	2.534059945504087	2.2701260037057005	734
# SPEAK-NO-EVIL MONKEY	Emoticons
ğŸ™Š	1.8427586206896551	2.8734394823934273	725
# SLEEPING FACE	Emoticons
ğŸ˜´	-0.3231197771587744	3.4795535308361427	718
# MULTIPLE MUSICAL NOTES	Miscellaneous Symbols and Pictographs
ğŸ¶	2.156918687589158	2.6521433596150765	701
# REVOLVING HEARTS	Miscellaneous Symbols and Pictographs
ğŸ’	2.96943231441048	2.0779419888856667	687
# RELIEVED FACE	Emoticons
ğŸ˜Œ	1.936842105263158	2.9105324341531085	665
# FIRE	Miscellaneous Symbols and Pictographs
ğŸ”¥	0.5591397849462365	2.4199862633953897	651
# HUNDRED POINTS SYMBOL	Miscellaneous Symbols and Pictographs
ğŸ’¯	0.4835164835164835	3.269927896861062	637
# PISTOL	Miscellaneous Symbols and Pictographs
ğŸ”«	-0.7814569536423841	3.4715380863866527	604
# YELLOW HEART	Miscellaneous Symbols and Pictographs
ğŸ’›	2.8504983388704317	2.1460559708599605	602
# INFORMATION DESK PERSON	Miscellaneous Symbols and Pictographs
ğŸ’	1.3114754098360655	3.105825569470146	549
# GREEN HEART	Miscellaneous Symbols and Pictographs
ğŸ’š	2.636871508379888	2.4571523480097355	537
# BEAMED EIGHTH NOTES	Miscellaneous Symbols
â™«	1.1557223264540337	2.2953068387196103	533
# DISAPPOINTED FACE	Emoticons
ğŸ˜	-0.47368421052631576	3.6358262185168386	532
# SMILING FACE WITH OPEN MOUTH AND TIGHTLY-CLOSED EYES	Emoticons
ğŸ˜†	1.6470588235294117	2.9654407089095236	527
# FACE WITH STUCK-OUT TONGUE AND TIGHTLY-CLOSED EYES	Emoticons
ğŸ˜	1.7016129032258065	2.846842729687652	496
# SLEEPY FACE	Emoticons
ğŸ˜ª	-0.3236514522821577	3.5227507091777603	482
# REPLACEMENT CHARACTER	Specials
ï¿½	0.3474576271186441	2.560710701944286	472
# TIRED FACE	Emoticons
ğŸ˜«	-0.582441113490364	3.5896520374187206	467
# SMILING FACE WITH OPEN MOUTH AND COLD SWEAT	Emoticons
ğŸ˜…	0.7186147186147186	3.4217979354863304	462
# FISTED HAND SIGN	Miscellaneous Symbols and Pictographs
ğŸ‘Š	0.9170305676855895	3.3587684767319588	458
# SKULL	Miscellaneous Symbols and Pictographs
ğŸ’€	-0.8333333333333334	3.315081610137425	456
# GRINNING FACE	Emoticons
ğŸ˜€	2.287015945330296	2.5718982428353834	439
# KISSING FACE WITH CLOSED EYES	Emoticons
ğŸ˜š	2.858490566037736	2.1845887279504943	424
# SMILING CAT FACE WITH HEART-SHAPED EYES	Emoticons
ğŸ˜»	2.4940047961630696	2.429946566598484	417
# COPYRIGHT SIGN	Latin-1 Supplement
Â©	0.47115384615384615	2.411737048626151	416
# EYES	Miscellaneous Symbols and Pictographs
ğŸ‘€	0.25365853658536586	2.8651052473730676	410
# HEART WITH ARROW	Miscellaneous Symbols and Pictographs
ğŸ’˜	2.7544303797468355	2.2111224864797316	395
# ROOSTER	Miscellaneous Symbols and Pictographs
ğŸ“	0.11458333333333333	1.9651642831382377	384
# HOT BEVERAGE	Miscellaneous Symbols
â˜•	0.9842931937172775	2.7217880629445017	382
# WAVING HAND SIGN	Miscellaneous Symbols and Pictographs
ğŸ‘‹	1.6649214659685865	2.9856155791565935	382
# RAISED HAND	Dingbats
âœ‹	0.5079365079365079	3.50301313628793	378
# CONFETTI BALL	Miscellaneous Symbols and Pictographs
ğŸŠ	2.909090909090909	2.2218548824028317	363
# SLICE OF PIZZA	Miscellaneous Symbols and Pictographs
ğŸ•	1.6818181818181819	2.371926022845409	352
# SNOWFLAKE	Dingbats
â„	2.0401146131805157	2.6675586831104634	349
# DISAPPOINTED BUT RELIEVED FACE	Emoticons
ğŸ˜¥	0.49266862170087977	3.444248753603416	341
# CONFUSED FACE	Emoticons
ğŸ˜•	-1.6	3.2146722456665504	340
# COLLISION SYMBOL	Miscellaneous Symbols and Pictographs
ğŸ’¥	0.5957446808510638	2.0652237325556815	329
# BROKEN HEART	Miscellaneous Symbols and Pictographs
ğŸ’”	-0.4878048780487805	3.328531143264777	328
# FACE WITH LOOK OF TRIUMPH	Emoticons
ğŸ˜¤	-0.8440366972477065	3.357881718851491	327
# SMILING FACE WITH HORNS	Emoticons
ğŸ˜ˆ	1.0707692307692307	3.1040283046351766	325
# BLACK RIGHT-POINTING POINTER	Geometric Shapes
â–º	0.6523076923076923	2.474305353477723	325
# AIRPLANE	Dingbats
âœˆ	1.6770186335403727	2.277632214111484	322
# TOP WITH UPWARDS ARROW ABOVE	Miscellaneous Symbols and Pictographs
ğŸ”	1.9141914191419143	2.595864302098603	303
# FACE WITH OPEN MOUTH AND COLD SWEAT	Emoticons
ğŸ˜°	-0.07947019867549669	3.696289850608027	302
# SOCCER BALL	Miscellaneous Symbols
âš½	2.488294314381271	2.316661354862097	299
# EXPRESSIONLESS FACE	Emoticons
ğŸ˜‘	-1.2575250836120402	3.1416772082454525	299
# CROWN	Miscellaneous Symbols and Pictographs
ğŸ‘‘	2.8053691275167787	2.1540592314209253	298
# CAT FACE WITH TEARS OF JOY	Emoticons
ğŸ˜¹	0.5694915254237288	3.3910777366539206	295
# WHITE RIGHT POINTING BACKHAND INDEX	Miscellaneous Symbols and Pictographs
ğŸ‘‰	1.5753424657534247	2.45182519779152	292
# LEAF FLUTTERING IN WIND	Miscellaneous Symbols and Pictographs
ğŸƒ	1.5257731958762886	2.638960472359662	291
# WRAPPED PRESENT	Miscellaneous Symbols and Pictographs
ğŸ	3.0694444444444446	2.019532322709675	288
# ANGRY FACE	Emoticons
ğŸ˜ 	-1.2083333333333333	3.4376893887222177	288
# PENGUIN	Miscellaneous Symbols and Pictographs
ğŸ§	1.8450704225352113	2.2837323498485746	284
# WHITE STAR	Miscellaneous Symbols
â˜†	1.7304964539007093	2.1989018297958696	282
# FOUR LEAF CLOVER	Miscellaneous Symbols and Pictographs
ğŸ€	1.1510791366906474	1.9924810789195695	278
# BALLOON	Miscellaneous Symbols and Pictographs
ğŸˆ	2.9025270758122743	1.9098530677100873	277
# FATHER CHRISTMAS	Miscellaneous Symbols and Pictographs
ğŸ…	1.2846715328467153	2.0750478144503837	274
# FACE WITH COLD SWEAT	Emoticons
ğŸ˜“	-0.32234432234432236	3.5267858851902143	273
# PERSEVERING FACE	Emoticons
ğŸ˜£	-0.8560885608856088	3.633275617361579	271
# NEUTRAL FACE	Emoticons
ğŸ˜	-1.5703703703703704	3.0050346414241424	270
# RAISED FIST	Dingbats
âœŠ	1.7333333333333334	2.8834136148104164	270
# FEARFUL FACE	Emoticons
ğŸ˜¨	-0.5650557620817844	3.367299296289823	269
# CONFOUNDED FACE	Emoticons
ğŸ˜–	-0.6268656716417911	3.5527404637619417	268
# SLEEPING SYMBOL	Miscellaneous Symbols and Pictographs
ğŸ’¤	1.4981273408239701	2.88139392483507	267
# BEATING HEART	Miscellaneous Symbols and Pictographs
ğŸ’“	2.687258687258687	2.3196890632300957	259
# THUMBS DOWN SIGN	Miscellaneous Symbols and Pictographs
ğŸ‘	-0.7596899224806202	3.5014397787206004	258
# SPLASHING SWEAT SYMBOL	Miscellaneous Symbols and Pictographs
ğŸ’¦	1.9047619047619047	2.9043715584717913	252
# HEAVY CHECK MARK	Dingbats
âœ”	1.0923694779116466	2.6758442739340254	249
# FACE WITH MEDICAL MASK	Emoticons
ğŸ˜·	-0.6829268292682927	3.467191345154509	246
# HIGH VOLTAGE SIGN	Miscellaneous Symbols
âš¡	0.7154471544715447	1.9106901881714968	246
# HAPPY PERSON RAISING ONE HAND	Emoticons
ğŸ™‹	1.9661016949152543	2.8401844156818186	236
# CHRISTMAS TREE	Miscellaneous Symbols and Pictographs
ğŸ„	2.152542372881356	2.4516584447186913	236
# PILE OF POO	Miscellaneous Symbols and Pictographs
ğŸ’©	-0.47161572052401746	3.320615441314734	229
# MUSICAL NOTE	Miscellaneous Symbols and Pictographs
ğŸµ	2.0269058295964126	2.701800234441289	223
# BLACK RIGHTWARDS ARROW	Dingbats
â¡	0.5945945945945946	1.520895767219291	222
# FACE WITH STUCK-OUT TONGUE	Emoticons
ğŸ˜›	2.4363636363636365	2.535304438335034	220
# GRIMACING FACE	Emoticons
ğŸ˜¬	0.7850467289719626	3.3237408194983526	214
# WOMAN WITH BUNNY EARS	Miscellaneous Symbols and Pictographs
ğŸ‘¯	1.7819905213270142	2.7554096417318825	211
# GEM STONE	Miscellaneous Symbols and Pictographs
ğŸ’	2.277511961722488	2.367952203364064	209
# HERB	Miscellaneous Symbols and Pictographs
ğŸŒ¿	1.5576923076923077	1.9895250838256848	208
# BIRTHDAY CAKE	Miscellaneous Symbols and Pictographs
ğŸ‚	2.487562189054726	2.511881126446115	201
# GLOWING STAR	Miscellaneous Symbols and Pictographs
ğŸŒŸ	1.3266331658291457	2.3055197521913033	199
# CRYSTAL BALL	Miscellaneous Symbols and Pictographs
ğŸ”®	1.085427135678392	2.031841676029307	199
# HEAVY EXCLAMATION MARK SYMBOL	Dingbats
â—	0.40404040404040403	2.5422458532104035	198
# MAN AND WOMAN HOLDING HANDS	Miscellaneous Symbols and Pictographs
ğŸ‘«	1.0355329949238579	3.170894979295832	197
# TROPHY	Miscellaneous Symbols and Pictographs
ğŸ†	2.948453608247423	2.0224061102191935	194
# HEAVY MULTIPLICATION X	Dingbats
âœ–	1.2642487046632125	2.187485977526842	193
# WHITE UP POINTING INDEX	Miscellaneous Symbols
â˜	1.256544502617801	2.8232665713382916	191
# KISSING FACE WITH SMILING EYES	Emoticons
ğŸ˜™	3.162303664921466	1.7752937761275593	191
# SNOWMAN WITHOUT SNOW	Miscellaneous Symbols
â›„	2.115183246073298	2.5164027018829707	191
# TONGUE	Miscellaneous Symbols and Pictographs
ğŸ‘…	1.8736842105263158	2.803164021575611	190
# EIGHTH NOTE	Miscellaneous Symbols
â™ª	2.168421052631579	2.5491077141823877	190
# FALLEN LEAF	Miscellaneous Symbols and Pictographs
ğŸ‚	2.2222222222222223	2.2285623840995865	189
# KISS	Miscellaneous Symbols and Pictographs
ğŸ’	1.5783783783783785	3.087125413113187	185
# HOCHO	Miscellaneous Symbols and Pictographs
ğŸ”ª	0.28415300546448086	2.775009519715711	183
# PALM TREE	Miscellaneous Symbols and Pictographs
ğŸŒ´	2.134831460674157	2.51374205695371	178
# WHITE LEFT POINTING BACKHAND INDEX	Miscellaneous Symbols and Pictographs
ğŸ‘ˆ	1.7241379310344827	2.549237682638522	174
# ROSE	Miscellaneous Symbols and Pictographs
ğŸŒ¹	2.441860465116279	2.088755338533201	172
# FACE WITH OK GESTURE	Emoticons
ğŸ™†	2.0350877192982457	2.6087902169040147	171
# HEAVY ROUND-TIPPED RIGHTWARDS ARROW	Dingbats
âœ	0.6588235294117647	1.9253903572215325	170
# GHOST	Miscellaneous Symbols and Pictographs
ğŸ‘»	0.9285714285714286	2.8610092886357195	168
# MONEY BAG	Miscellaneous Symbols and Pictographs
ğŸ’°	1.0238095238095237	2.828326909424716	168
# CLINKING BEER MUGS	Miscellaneous Symbols and Pictographs
ğŸ»	2.084848484848485	2.699957486996529	165
# FACE WITH NO GOOD GESTURE	Emoticons
ğŸ™…	-0.8242424242424242	3.280708561957799	165
# SUN WITH FACE	Miscellaneous Symbols and Pictographs
ğŸŒ	2.271604938271605	2.125752419756137	162
# MAPLE LEAF	Miscellaneous Symbols and Pictographs
ğŸ	1.9627329192546583	2.2343679161159864	161
# WHITE MEDIUM STAR	Miscellaneous Symbols and Arrows
â­	2.3647798742138364	2.2075382106646853	159
# BLACK SMALL SQUARE	Geometric Shapes
â–ª	0.8050314465408805	2.3645122289326657	159
# RIBBON	Miscellaneous Symbols and Pictographs
ğŸ€	2.5641025641025643	2.2164290035871086	156
# BOX DRAWINGS HEAVY HORIZONTAL	Box Drawing
â”	0.717948717948718	2.2865124932931233	156
# TRIGRAM FOR EARTH	Miscellaneous Symbols
â˜·	0.2597402597402597	1.1777437972732088	154
# PIG FACE	Miscellaneous Symbols and Pictographs
ğŸ·	1.5	2.4628823507598185	152
# HEAR-NO-EVIL MONKEY	Emoticons
ğŸ™‰	1.36	3.0227581224217506	150
# HIBISCUS	Miscellaneous Symbols and Pictographs
ğŸŒº	2.24	2.090231247174979	150
# NAIL POLISH	Miscellaneous Symbols and Pictographs
ğŸ’…	1.5838926174496644	3.102500985383875	149
# DOG FACE	Miscellaneous Symbols and Pictographs
ğŸ¶	2.3513513513513513	2.543844889630296	148
# NEW MOON WITH FACE	Miscellaneous Symbols and Pictographs
ğŸŒš	1.8918918918918919	2.9935406477838673	148
# EXTRATERRESTRIAL ALIEN	Miscellaneous Symbols and Pictographs
ğŸ‘½	1.2876712328767124	2.518313482476272	146
# MICROPHONE	Miscellaneous Symbols and Pictographs
ğŸ¤	1.9444444444444444	2.788313353628801	144
# TWO WOMEN HOLDING HANDS	Miscellaneous Symbols and Pictographs
ğŸ‘­	1.8888888888888888	2.9038076323048845	144
# HEADPHONE	Miscellaneous Symbols and Pictographs
ğŸ§	1.6901408450704225	2.8214048508279235	142
# WHITE UP POINTING BACKHAND INDEX	Miscellaneous Symbols and Pictographs
ğŸ‘†	1.3333333333333333	2.6954963333478656	138
# COCKTAIL GLASS	Miscellaneous Symbols and Pictographs
ğŸ¸	2.2028985507246377	2.596428484238689	138
# WINE GLASS	Miscellaneous Symbols and Pictographs
ğŸ·	1.6058394160583942	2.340870336096636	137
# REGISTERED SIGN	Latin-1 Supplement
Â®	1.1386861313868613	2.3152382600407604	137
# WATERMELON	Miscellaneous Symbols and Pictographs
ğŸ‰	2.4411764705882355	2.4815931371338644	136
# SMILING FACE WITH HALO	Emoticons
ğŸ˜‡	2.4	2.4440403706431146	135
# BALLOT BOX WITH CHECK	Miscellaneous Symbols
â˜‘	0.4148148148148148	1.4004506427373595	135
# RUNNER	Miscellaneous Symbols and Pictographs
ğŸƒ	1.6592592592592592	2.593904430013546	135
# CRYING CAT FACE	Emoticons
ğŸ˜¿	-1.5223880597014925	3.196818422825129	134
# BOX DRAWINGS LIGHT VERTICAL	Box Drawing
â”‚	1.4029850746268657	1.9088146004475424	134
# BOMB	Miscellaneous Symbols and Pictographs
ğŸ’£	0.030534351145038167	3.145186389451747	131
# BEER MUG	Miscellaneous Symbols and Pictographs
ğŸº	2.015267175572519	2.4400748731611657	131
# BLACK RIGHT-POINTING TRIANGLE	Geometric Shapes
â–¶	0.8549618320610687	2.0973343219632854	131
# ASTONISHED FACE	Emoticons
ğŸ˜²	-0.27906976744186046	3.3479757720638155	129
# GUITAR	Miscellaneous Symbols and Pictographs
ğŸ¸	2.112	2.0599650482471783	125
# TROPICAL DRINK	Miscellaneous Symbols and Pictographs
ğŸ¹	2.6991869918699187	2.193615863940169	123
# DIZZY SYMBOL	Miscellaneous Symbols and Pictographs
ğŸ’«	2.049586776859504	2.2484199766124893	121
# BOOKS	Miscellaneous Symbols and Pictographs
ğŸ“š	1.3781512605042017	3.08695165685213	119
# FACE WITHOUT MOUTH	Emoticons
ğŸ˜¶	-0.5811965811965812	3.3185294762036928	117
# TULIP	Miscellaneous Symbols and Pictographs
ğŸŒ·	2.206896551724138	1.989269669221511	116
# HEART WITH RIBBON	Miscellaneous Symbols and Pictographs
ğŸ’	2.643478260869565	2.410813697553176	115
# DASH SYMBOL	Miscellaneous Symbols and Pictographs
ğŸ’¨	1.565217391304348	2.673966065221922	115
# AMERICAN FOOTBALL	Miscellaneous Symbols and Pictographs
ğŸˆ	2.175438596491228	2.4360077133627764	114
# RING	Miscellaneous Symbols and Pictographs
ğŸ’	1.9642857142857142	2.92748237590331	112
# UMBRELLA WITH RAIN DROPS	Miscellaneous Symbols
â˜”	1.1891891891891893	3.0653939197314206	111
# PRINCESS	Miscellaneous Symbols and Pictographs
ğŸ‘¸	2.4864864864864864	2.343727933911221	111
# REGIONAL INDICATOR SYMBOL LETTER E	Enclosed Alphanumeric Supplement
ğŸ‡ª	2.532110091743119	2.0746119669875336	109
# LIGHT SHADE	Block Elements
â–‘	-0.18518518518518517	2.575339417213699	108
# DOUGHNUT	Miscellaneous Symbols and Pictographs
ğŸ©	1.5700934579439252	2.8811736625043283	107
# ALIEN MONSTER	Miscellaneous Symbols and Pictographs
ğŸ‘¾	1.4857142857142858	2.0100428126892065	105
# CLOUD	Miscellaneous Symbols
â˜	1.2692307692307692	2.7881299537599133	104
# SUNFLOWER	Miscellaneous Symbols and Pictographs
ğŸŒ»	2.3461538461538463	2.046428552988158	104
# DIZZY FACE	Emoticons
ğŸ˜µ	0.34951456310679613	3.395338717575828	103
# LEDGER	Miscellaneous Symbols and Pictographs
ğŸ“’	0.1568627450980392	0.7764309754205226	102
# UPWARDS HARPOON WITH BARB LEFTWARDS	Arrows
â†¿	2.6666666666666665	1.8856180831641263	102
# TIGER FACE	Miscellaneous Symbols and Pictographs
ğŸ¯	1.96	2.2974768769239002	100
# BABY ANGEL	Miscellaneous Symbols and Pictographs
ğŸ‘¼	1.3737373737373737	3.017075507490015	99
# HAMBURGER	Miscellaneous Symbols and Pictographs
ğŸ”	1.1428571428571428	2.9137254363387344	98
# GRINNING CAT FACE WITH SMILING EYES	Emoticons
ğŸ˜¸	1.690721649484536	2.7446699038835027	97
# BABY	Miscellaneous Symbols and Pictographs
ğŸ‘¶	1.7916666666666667	2.879223950226094	96
# UPWARDS HARPOON WITH BARB RIGHTWARDS	Arrows
â†¾	2.6666666666666665	1.8856180831641267	96
# BOUQUET	Miscellaneous Symbols and Pictographs
ğŸ’	3.031578947368421	1.9865475557196548	95
# WATER WAVE	Miscellaneous Symbols and Pictographs
ğŸŒŠ	2.0631578947368423	2.5866480089949766	95
# SOFT ICE CREAM	Miscellaneous Symbols and Pictographs
ğŸ¦	1.894736842105263	2.8927265747061335	95
# STRAWBERRY	Miscellaneous Symbols and Pictographs
ğŸ“	2.765957446808511	2.1058456224099777	94
# WHITE DOWN POINTING BACKHAND INDEX	Miscellaneous Symbols and Pictographs
ğŸ‘‡	1.0212765957446808	2.732696912000396	94
# FACE MASSAGE	Miscellaneous Symbols and Pictographs
ğŸ’†	0.9130434782608695	3.3416091343550773	92
# FORK AND KNIFE	Miscellaneous Symbols and Pictographs
ğŸ´	2.217391304347826	2.3117191370536427	92
# ANGUISHED FACE	Emoticons
ğŸ˜§	-0.2608695652173913	3.3778999303573967	92
# REGIONAL INDICATOR SYMBOL LETTER S	Enclosed Alphanumeric Supplement
ğŸ‡¸	2.10989010989011	2.6078939734841895	91
# FACE WITH OPEN MOUTH	Emoticons
ğŸ˜®	1.1111111111111112	2.9830798568088595	90
# DARK SHADE	Block Elements
â–“	0.044444444444444446	0.9417608933518706	90
# NO ENTRY SIGN	Transport and Map Symbols
ğŸš«	-1.8181818181818181	2.6222191094283556	88
# KISSING CAT FACE WITH CLOSED EYES	Emoticons
ğŸ˜½	2.3636363636363638	2.804954294643911	88
# RAINBOW	Miscellaneous Symbols and Pictographs
ğŸŒˆ	2.1363636363636362	2.408233123445383	88
# WEARY CAT FACE	Emoticons
ğŸ™€	1.3636363636363635	2.947193650444969	88
# WARNING SIGN	Miscellaneous Symbols
âš 	-0.2727272727272727	2.1570564577644857	88
# VIDEO GAME	Miscellaneous Symbols and Pictographs
ğŸ®	1.7674418604651163	2.631094999763898	86
# BOX DRAWINGS LIGHT ARC UP AND LEFT	Box Drawing
â•¯	-0.047619047619047616	2.6543080970231965	84
# AUBERGINE	Miscellaneous Symbols and Pictographs
ğŸ†	1.6666666666666667	2.4848748810761427	84
# SHORTCAKE	Miscellaneous Symbols and Pictographs
ğŸ°	1.8571428571428572	2.988640625621563	84
# CHECK MARK	Dingbats
âœ“	1.1904761904761905	2.602545413702802	84
# OPEN HANDS SIGN	Miscellaneous Symbols and Pictographs
ğŸ‘	-0.0963855421686747	3.5111336096553223	83
# PERSON BOWING DEEPLY	Emoticons
ğŸ™‡	0.5783132530120482	3.3513905832701125	83
# FRENCH FRIES	Miscellaneous Symbols and Pictographs
ğŸŸ	1.2530120481927711	2.9731463740119866	83
# BANANA	Miscellaneous Symbols and Pictographs
ğŸŒ	1.8048780487804879	2.8043477759619138	82
# COUPLE WITH HEART	Miscellaneous Symbols and Pictographs
ğŸ’‘	2.731707317073171	2.3271922813417683	82
# TWO MEN HOLDING HANDS	Miscellaneous Symbols and Pictographs
ğŸ‘¬	-0.24390243902439024	3.2065518886916675	82
# HATCHING CHICK	Miscellaneous Symbols and Pictographs
ğŸ£	1.9753086419753085	2.9563712685621266	81
# JACK-O-LANTERN	Miscellaneous Symbols and Pictographs
ğŸƒ	2.4691358024691357	2.4799762033559944	81
# BLACK RECTANGLE	Geometric Shapes
â–¬	1.9259259259259258	1.9986277871454874	81
# OBJECT REPLACEMENT CHARACTER	Specials
ï¿¼	-1.9753086419753085	2.362125578884227	81
# WORRIED FACE	Emoticons
ğŸ˜Ÿ	0.3	3.5085609585697664	80
# PAW PRINTS	Miscellaneous Symbols and Pictographs
ğŸ¾	2.5128205128205128	2.649352072428614	78
# GRADUATION CAP	Miscellaneous Symbols and Pictographs
ğŸ“	2.3376623376623376	2.6067364759053246	77
# SWIMMER	Miscellaneous Symbols and Pictographs
ğŸŠ	2.3896103896103895	2.1631857468734554	77
# CHOCOLATE BAR	Miscellaneous Symbols and Pictographs
ğŸ«	0.631578947368421	3.374993587764505	76
# CAMERA	Miscellaneous Symbols and Pictographs
ğŸ“·	1.7894736842105263	2.6273650472313026	76
# MOUTH	Miscellaneous Symbols and Pictographs
ğŸ‘„	1.9733333333333334	2.4764131767986988	75
# BLOSSOM	Miscellaneous Symbols and Pictographs
ğŸŒ¼	3.2432432432432434	1.6990522860001849	74
# PEDESTRIAN	Transport and Map Symbols
ğŸš¶	-0.5945945945945946	3.06205600827428	74
# CAT FACE	Miscellaneous Symbols and Pictographs
ğŸ±	2.136986301369863	2.8921957743335116	73
# BOX DRAWINGS DOUBLE VERTICAL	Box Drawing
â•‘	0.6027397260273972	1.4309660117480105	73
# FROG FACE	Miscellaneous Symbols and Pictographs
ğŸ¸	-0.3333333333333333	3.0368111930480994	72
# REGIONAL INDICATOR SYMBOL LETTER U	Enclosed Alphanumeric Supplement
ğŸ‡º	2.2535211267605635	2.746153826919198	71
# IMP	Miscellaneous Symbols and Pictographs
ğŸ‘¿	-2.2285714285714286	2.757697945603121	70
# SMOKING SYMBOL	Transport and Map Symbols
ğŸš¬	2.1714285714285713	2.761839079678759	70
# BLACK FLORETTE	Dingbats
âœ¿	1.6	2.1804324603815903	70
# OPEN BOOK	Miscellaneous Symbols and Pictographs
ğŸ“–	0.7058823529411765	3.285703539710339	68
# MONKEY	Miscellaneous Symbols and Pictographs
ğŸ’	2.176470588235294	2.1069993751261546	68
# EARTH GLOBE EUROPE-AFRICA	Miscellaneous Symbols and Pictographs
ğŸŒ	2.4705882352941178	2.476184138805787	68
# BOX DRAWINGS LIGHT QUADRUPLE DASH VERTICAL	Box Drawing
â”Š	4.0	0.0	68
# FRONT-FACING BABY CHICK	Miscellaneous Symbols and Pictographs
ğŸ¥	2.4477611940298507	2.389551772679343	67
# CYCLONE	Miscellaneous Symbols and Pictographs
ğŸŒ€	0.42424242424242425	2.5229888844240786	66
# PANDA FACE	Miscellaneous Symbols and Pictographs
ğŸ¼	1.0909090909090908	2.2611828007488035	66
# MOVIE CAMERA	Miscellaneous Symbols and Pictographs
ğŸ¥	1.2121212121212122	2.6940740328354993	66
# LIPSTICK	Miscellaneous Symbols and Pictographs
ğŸ’„	1.8181818181818181	2.6222191094283556	66
# MONEY WITH WINGS	Miscellaneous Symbols and Pictographs
ğŸ’¸	0.6666666666666666	3.1590818254356727	66
# NO ENTRY	Miscellaneous Symbols
â›”	2.0307692307692307	2.541769406530878	65
# BLACK CIRCLE	Geometric Shapes
â—	0.7384615384615385	2.5193217834410726	65
# BASKETBALL AND HOOP	Miscellaneous Symbols and Pictographs
ğŸ€	1.0625	3.1017887984193897	64
# SYRINGE	Miscellaneous Symbols and Pictographs
ğŸ’‰	1.5	3.0413812651491097	64
# HEART DECORATION	Miscellaneous Symbols and Pictographs
ğŸ’Ÿ	2.857142857142857	2.1884048177287734	63
# AUTOMOBILE	Transport and Map Symbols
ğŸš—	0.967741935483871	2.6577199901994812	62
# HUSHED FACE	Emoticons
ğŸ˜¯	0.5161290322580645	3.17114986514697	62
# MEMO	Miscellaneous Symbols and Pictographs
ğŸ“	0.967741935483871	2.6577199901994812	62
# BOX DRAWINGS DOUBLE HORIZONTAL	Box Drawing
â•	0.06451612903225806	0.5038870758649456	62
# BLACK DIAMOND SUIT	Miscellaneous Symbols
â™¦	1.901639344262295	2.671678529503392	61
# THOUGHT BALLOON	Miscellaneous Symbols and Pictographs
ğŸ’­	0.8666666666666667	2.8370563774604287	60
# CRESCENT MOON	Miscellaneous Symbols and Pictographs
ğŸŒ™	2.4827586206896552	2.328543864294363	58
# FISH	Miscellaneous Symbols and Pictographs
ğŸŸ	2.896551724137931	2.0735581211548837	58
# FOOTPRINTS	Miscellaneous Symbols and Pictographs
ğŸ‘£	1.4482758620689655	2.6468746292959295	58
# WHITE RIGHT POINTING INDEX	Miscellaneous Symbols
â˜	0.4827586206896552	1.303065077771806	58
# BLACK SCISSORS	Dingbats
âœ‚	-1.9310344827586208	2.70288523341592	58
# MOYAI	Miscellaneous Symbols and Pictographs
ğŸ—¿	1.8620689655172413	2.5960731344439605	58
# SPAGHETTI	Miscellaneous Symbols and Pictographs
ğŸ	0.49122807017543857	3.2720121338595836	57
# FAMILY	Miscellaneous Symbols and Pictographs
ğŸ‘ª	-0.07017543859649122	3.6315365706485925	57
# LOLLIPOP	Miscellaneous Symbols and Pictographs
ğŸ­	1.263157894736842	2.9171382022212673	57
# NIGHT WITH STARS	Miscellaneous Symbols and Pictographs
ğŸŒƒ	1.6428571428571428	2.3636274439677565	56
# CROSS MARK	Dingbats
âŒ	1.1428571428571428	3.356382892705923	56
# RABBIT FACE	Miscellaneous Symbols and Pictographs
ğŸ°	2.4727272727272727	2.470587309303714	55
# PILL	Miscellaneous Symbols and Pictographs
ğŸ’Š	1.8181818181818181	2.936236980099832	55
# POLICE CARS REVOLVING LIGHT	Transport and Map Symbols
ğŸš¨	2.690909090909091	2.648311484513909	55
# FROWNING FACE WITH OPEN MOUTH	Emoticons
ğŸ˜¦	-1.5555555555555556	3.0225490019412096	54
# COOKIE	Miscellaneous Symbols and Pictographs
ğŸª	1.3333333333333333	3.079201435678004	54
# SUSHI	Miscellaneous Symbols and Pictographs
ğŸ£	-0.9811320754716981	3.098938138512877	53
# BOX DRAWINGS LIGHT ARC DOWN AND RIGHT	Box Drawing
â•­	0.6792452830188679	2.016662523152813	53
# WHITE FOUR POINTED STAR	Dingbats
âœ§	1.3584905660377358	2.047495843962345	53
# FIREWORKS	Miscellaneous Symbols and Pictographs
ğŸ†	3.0	2.0568833780186058	52
# BOX DRAWINGS LIGHT ARC DOWN AND LEFT	Box Drawing
â•®	0.5384615384615384	2.2227974271999833	52
# JAPANESE DOLLS	Miscellaneous Symbols and Pictographs
ğŸ	3.843137254901961	0.7764309754205228	51
# REGIONAL INDICATOR SYMBOL LETTER D	Enclosed Alphanumeric Supplement
ğŸ‡©	2.588235294117647	2.0691617189447715	51
# WHITE HEAVY CHECK MARK	Dingbats
âœ…	1.7254901960784315	2.4097712150176025	51
# JAPANESE OGRE	Miscellaneous Symbols and Pictographs
ğŸ‘¹	0.24489795918367346	3.067476608662194	49
# MOBILE PHONE	Miscellaneous Symbols and Pictographs
ğŸ“±	1.3061224489795917	2.4760409613229557	49
# PERSON FROWNING	Emoticons
ğŸ™	-1.3877551020408163	3.3855414454412607	49
# PEACH	Miscellaneous Symbols and Pictographs
ğŸ‘	1.0612244897959184	3.3098995808511495	49
# MUSICAL SCORE	Miscellaneous Symbols and Pictographs
ğŸ¼	1.3877551020408163	2.220648246324154	49
# SPEAKER WITH THREE SOUND WAVES	Miscellaneous Symbols and Pictographs
ğŸ”Š	1.7142857142857142	2.5555062599997598	49
# MILKY WAY	Miscellaneous Symbols and Pictographs
ğŸŒŒ	2.2127659574468086	2.7127450979590177	47
# RED APPLE	Miscellaneous Symbols and Pictographs
ğŸ	1.3617021276595744	2.770863080187184	47
# BEAR FACE	Miscellaneous Symbols and Pictographs
ğŸ»	1.872340425531915	2.8405649818346608	47
# BOX DRAWINGS LIGHT HORIZONTAL	Box Drawing
â”€	0.5957446808510638	1.4241021728239578	47
# BOX DRAWINGS LIGHT ARC UP AND RIGHT	Box Drawing
â•°	-0.2553191489361702	1.9182004543973858	47
# HAIRCUT	Miscellaneous Symbols and Pictographs
ğŸ’‡	1.391304347826087	2.9153138459548193	46
# BEAMED SIXTEENTH NOTES	Miscellaneous Symbols
â™¬	1.0434782608695652	2.422328396032021	46
# BLACK CHESS KING	Miscellaneous Symbols
â™š	0.17391304347826086	0.8157244799692922	46
# LARGE RED CIRCLE	Miscellaneous Symbols and Pictographs
ğŸ”´	1.6888888888888889	2.1480970619723685	45
# BENTO BOX	Miscellaneous Symbols and Pictographs
ğŸ±	-1.3333333333333333	3.265986323710904	45
# TANGERINE	Miscellaneous Symbols and Pictographs
ğŸŠ	1.7777777777777777	2.8665805327283733	45
# CHERRIES	Miscellaneous Symbols and Pictographs
ğŸ’	1.3333333333333333	2.796823595120404	45
# MOUSE FACE	Miscellaneous Symbols and Pictographs
ğŸ­	2.933333333333333	1.7688665548562132	45
# ATHLETIC SHOE	Miscellaneous Symbols and Pictographs
ğŸ‘Ÿ	1.7777777777777777	2.739739556875101	45
# EARTH GLOBE AMERICAS	Miscellaneous Symbols and Pictographs
ğŸŒ	1.3636363636363635	2.689127174136189	44
# PINEAPPLE	Miscellaneous Symbols and Pictographs
ğŸ	2.0	3.0151134457776365	44
# COW FACE	Miscellaneous Symbols and Pictographs
ğŸ®	2.511627906976744	2.2861778097571177	43
# MOBILE PHONE WITH RIGHTWARDS ARROW AT LEFT	Miscellaneous Symbols and Pictographs
ğŸ“²	1.0232558139534884	2.8731991091126514	43
# WHITE SUN WITH RAYS	Miscellaneous Symbols
â˜¼	0.8372093023255814	2.033787079913995	43
# SUNRISE	Miscellaneous Symbols and Pictographs
ğŸŒ…	1.5238095238095237	2.888714454876781	42
# REGIONAL INDICATOR SYMBOL LETTER R	Enclosed Alphanumeric Supplement
ğŸ‡·	2.857142857142857	2.0067911910195693	42
# HIGH-HEELED SHOE	Miscellaneous Symbols and Pictographs
ğŸ‘ 	1.5238095238095237	2.888714454876781	42
# EAR OF MAIZE	Miscellaneous Symbols and Pictographs
ğŸŒ½	1.9047619047619047	2.7929291997362253	42
# DROPLET	Miscellaneous Symbols and Pictographs
ğŸ’§	-0.6829268292682927	3.523018553222983	41
# BLACK QUESTION MARK ORNAMENT	Dingbats
â“	0.2926829268292683	2.5590003997276103	41
# CANDY	Miscellaneous Symbols and Pictographs
ğŸ¬	1.5609756097560976	3.170356450589643	41
# SMILING CAT FACE WITH OPEN MOUTH	Emoticons
ğŸ˜º	1.7	3.210918871600464	40
# HORSE FACE	Miscellaneous Symbols and Pictographs
ğŸ´	0.3	2.7404379212089447	40
# ROCKET	Transport and Map Symbols
ğŸš€	2.1	2.364318083507378	40
# BROKEN BAR	Latin-1 Supplement
Â¦	2.5	3.057776970284131	40
# ANGER SYMBOL	Miscellaneous Symbols and Pictographs
ğŸ’¢	1.0	2.792848008753788	40
# CLAPPER BOARD	Miscellaneous Symbols and Pictographs
ğŸ¬	1.2	2.2271057451320084	40
# SHAVED ICE	Miscellaneous Symbols and Pictographs
ğŸ§	1.3	3.2726136343907144	40
# STEAMING BOWL	Miscellaneous Symbols and Pictographs
ğŸœ	1.7	3.3331666624997918	40
# RAM	Miscellaneous Symbols and Pictographs
ğŸ	2.4	2.3323807579381204	40
# ELEPHANT	Miscellaneous Symbols and Pictographs
ğŸ˜	0.1	2.754995462791182	40
# GIRL	Miscellaneous Symbols and Pictographs
ğŸ‘§	0.6	3.1685959035509716	40
# BRAILLE PATTERN BLANK	Braille Patterns
â €	0.2	2.3579652245103193	40
# SURFER	Miscellaneous Symbols and Pictographs
ğŸ„	2.2564102564102564	2.361202960660787	39
# BLACK RIGHTWARDS ARROWHEAD	Dingbats
â¤	1.3333333333333333	1.8856180831641267	39
# UPWARDS BLACK ARROW	Miscellaneous Symbols and Arrows
â¬†	1.2307692307692308	2.056403862129582	39
# LEMON	Miscellaneous Symbols and Pictographs
ğŸ‹	1.0526315789473684	2.855717887631691	38
# SQUARED OK	Enclosed Alphanumeric Supplement
ğŸ†—	2.3157894736842106	2.9921411375898725	38
# MEDIUM WHITE CIRCLE	Miscellaneous Symbols
âšª	1.945945945945946	1.9992694063683165	37
# TELEVISION	Miscellaneous Symbols and Pictographs
ğŸ“º	1.6216216216216217	2.539965432317996	37
# TOMATO	Miscellaneous Symbols and Pictographs
ğŸ…	1.5135135135135136	3.3981045720003697	37
# SUN BEHIND CLOUD	Miscellaneous Symbols
â›…	1.945945945945946	2.730666149257316	37
# TURTLE	Miscellaneous Symbols and Pictographs
ğŸ¢	0.8648648648648649	2.8108108108108105	37
# BIKINI	Miscellaneous Symbols and Pictographs
ğŸ‘™	2.1621621621621623	2.5628691007847997	37
# HOUSE WITH GARDEN	Miscellaneous Symbols and Pictographs
ğŸ¡	1.8888888888888888	2.9038076323048845	36
# EAR OF RICE	Miscellaneous Symbols and Pictographs
ğŸŒ¾	2.3333333333333335	2.886751345948129	36
# FISHEYE	Geometric Shapes
â—‰	1.1111111111111112	1.7916128329552334	36
# PENCIL	Dingbats
âœ	1.4857142857142858	2.545263708722296	35
# DOLPHIN	Miscellaneous Symbols and Pictographs
ğŸ¬	1.8285714285714285	2.4081494292234833	35
# FRIED SHRIMP	Miscellaneous Symbols and Pictographs
ğŸ¤	0.22857142857142856	2.519475164005555	35
# REGIONAL INDICATOR SYMBOL LETTER T	Enclosed Alphanumeric Supplement
ğŸ‡¹	2.5142857142857142	1.93274680289003	35
# BLACK CLUB SUIT	Miscellaneous Symbols
â™£	1.4857142857142858	2.7189433721989302	35
# HONEYBEE	Miscellaneous Symbols and Pictographs
ğŸ	0.9142857142857143	2.7189433721989307	35
# FULL MOON WITH FACE	Miscellaneous Symbols and Pictographs
ğŸŒ	0.8235294117647058	2.705882352941176	34
# REGIONAL INDICATOR SYMBOL LETTER I	Enclosed Alphanumeric Supplement
ğŸ‡®	2.588235294117647	1.9115384481496376	34
# BATTERY	Miscellaneous Symbols and Pictographs
ğŸ”‹	-2.1176470588235294	2.7840375449880543	34
# SNAKE	Miscellaneous Symbols and Pictographs
ğŸ	1.5294117647058822	2.56945054915783	34
# WHITE CHESS KING	Miscellaneous Symbols
â™”	2.3529411764705883	1.9686118271390014	34
# COOKING	Miscellaneous Symbols and Pictographs
ğŸ³	0.12121212121212122	3.6161051854972843	33
# LARGE BLUE CIRCLE	Miscellaneous Symbols and Pictographs
ğŸ”µ	1.3333333333333333	2.7265992434429074	33
# POUTING CAT FACE	Emoticons
ğŸ˜¾	-1.4545454545454546	3.3852703136409557	33
# FULL MOON SYMBOL	Miscellaneous Symbols and Pictographs
ğŸŒ•	2.4242424242424243	2.594052673822145	33
# KOALA	Miscellaneous Symbols and Pictographs
ğŸ¨	1.9393939393939394	2.806263491585509	33
# CLOSED LOCK WITH KEY	Miscellaneous Symbols and Pictographs
ğŸ”	1.4545454545454546	3.0855568633594803	33
# OPTICAL DISC	Miscellaneous Symbols and Pictographs
ğŸ’¿	2.6666666666666665	1.8856180831641267	33
# EIGHT PETALLED OUTLINED BLACK FLORETTE	Dingbats
â	0.24242424242424243	0.9544251968499164	33
# DECIDUOUS TREE	Miscellaneous Symbols and Pictographs
ğŸŒ³	2.125	2.4462982238476156	32
# BRIDE WITH VEIL	Miscellaneous Symbols and Pictographs
ğŸ‘°	2.125	2.6427968139832467	32
# WHITE FLORETTE	Dingbats
â€	1.75	1.984313483298443	32
# ANCHOR	Miscellaneous Symbols
âš“	2.5	2.3979157616563596	32
# BICYCLIST	Transport and Map Symbols
ğŸš´	2.875	1.79843682124227	32
# UPPER HALF BLOCK	Block Elements
â–€	-0.625	2.666341125962693	32
# DRESS	Miscellaneous Symbols and Pictographs
ğŸ‘—	1.032258064516129	2.8678852607603695	31
# HEAVY PLUS SIGN	Dingbats
â•	2.3225806451612905	2.832838503238728	31
# SPEECH BALLOON	Miscellaneous Symbols and Pictographs
ğŸ’¬	1.6	2.8472208672083497	30
# MEDIUM SHADE	Block Elements
â–’	-0.13333333333333333	1.2578641509408808	30
# SOON WITH RIGHTWARDS ARROW ABOVE	Miscellaneous Symbols and Pictographs
ğŸ”œ	1.2	2.9484459183327973	30
# ICE CREAM	Miscellaneous Symbols and Pictographs
ğŸ¨	0.9333333333333333	3.3757303736459106	30
# HEAVY DOLLAR SIGN	Miscellaneous Symbols and Pictographs
ğŸ’²	1.0666666666666667	1.768866554856213	30
# FUEL PUMP	Miscellaneous Symbols
â›½	0.6666666666666666	1.8135294011647258	30
# RICE BALL	Miscellaneous Symbols and Pictographs
ğŸ™	1.2413793103448276	2.9902735708522483	29
# POULTRY LEG	Miscellaneous Symbols and Pictographs
ğŸ—	0.27586206896551724	3.310344827586206	29
# POT OF FOOD	Miscellaneous Symbols and Pictographs
ğŸ²	0.5517241379310345	3.1026818977108945	29
# FISH CAKE WITH SWIRL DESIGN	Miscellaneous Symbols and Pictographs
ğŸ¥	-2.6206896551724137	2.631556417701919	29
# BLACK RIGHT-POINTING SMALL TRIANGLE	Geometric Shapes
â–¸	0.9655172413793104	1.7116791235849453	29
# BLACK CHESS QUEEN	Miscellaneous Symbols
â™›	0.8275862068965517	2.6531564222994954	29
# CAT FACE WITH WRY SMILE	Emoticons
ğŸ˜¼	1.5714285714285714	3.0871689692820445	28
# OCTOPUS	Miscellaneous Symbols and Pictographs
ğŸ™	1.7142857142857142	2.4907993963089563	28
# MAN	Miscellaneous Symbols and Pictographs
ğŸ‘¨	2.2857142857142856	2.4907993963089563	28
# COOKED RICE	Miscellaneous Symbols and Pictographs
ğŸš	2.0	3.295017884191656	28
# MEAT ON BONE	Miscellaneous Symbols and Pictographs
ğŸ–	0.5714285714285714	3.155817433482074	28
# HOT SPRINGS	Miscellaneous Symbols
â™¨	3.857142857142857	0.7423074889580903	28
# MUSICAL KEYBOARD	Miscellaneous Symbols and Pictographs
ğŸ¹	1.5714285714285714	1.9535420473110494	28
# WHITE CHESS QUEEN	Miscellaneous Symbols
â™•	1.7142857142857142	1.9794866372215738	28
# LOWER THREE EIGHTHS BLOCK	Block Elements
â–ƒ	4.0	0.0	28
# ONCOMING AUTOMOBILE	Transport and Map Symbols
ğŸš˜	0.2962962962962963	3.2525182814963185	27
# GREEN APPLE	Miscellaneous Symbols and Pictographs
ğŸ	0.2962962962962963	3.0649127208262517	27
# WOMAN	Miscellaneous Symbols and Pictographs
ğŸ‘©	0.2962962962962963	3.4298776008267335	27
# BOY	Miscellaneous Symbols and Pictographs
ğŸ‘¦	0.5925925925925926	2.8187107541393255	27
# REGIONAL INDICATOR SYMBOL LETTER G	Enclosed Alphanumeric Supplement
ğŸ‡¬	1.1851851851851851	2.3888171106069778	27
# REGIONAL INDICATOR SYMBOL LETTER B	Enclosed Alphanumeric Supplement
ğŸ‡§	1.1851851851851851	2.3888171106069778	27
# SKULL AND CROSSBONES	Miscellaneous Symbols
â˜ 	-0.14814814814814814	2.7715980642769935	27
# TROPICAL FISH	Miscellaneous Symbols and Pictographs
ğŸ 	1.8461538461538463	2.983187604563895	26
# MENS SYMBOL	Transport and Map Symbols
ğŸš¹	3.076923076923077	2.0176733920929233	26
# BANKNOTE WITH DOLLAR SIGN	Miscellaneous Symbols and Pictographs
ğŸ’µ	1.6923076923076923	2.7563804411029103	26
# SHADOWED WHITE STAR	Dingbats
âœ°	3.5384615384615383	1.277942132756627	26
# BOX DRAWINGS DOUBLE VERTICAL AND RIGHT	Box Drawing
â• 	0.9230769230769231	1.6853001769389726	26
# PURSE	Miscellaneous Symbols and Pictographs
ğŸ‘›	1.6	2.9933259094191533	25
# RECREATIONAL VEHICLE	Transport and Map Symbols
ğŸš™	0.16	2.6484712571594957	25
# SEEDLING	Miscellaneous Symbols and Pictographs
ğŸŒ±	2.56	1.9200000000000002	25
# PERSONAL COMPUTER	Miscellaneous Symbols and Pictographs
ğŸ’»	1.12	2.122639865827456	25
# EARTH GLOBE ASIA-AUSTRALIA	Miscellaneous Symbols and Pictographs
ğŸŒ	1.44	2.7434285119171595	25
# LOWER HALF BLOCK	Block Elements
â–„	-0.32	2.9761720380381242	25
# EYEGLASSES	Miscellaneous Symbols and Pictographs
ğŸ‘“	1.3333333333333333	1.8856180831641267	24
# BLACK LEFT-POINTING POINTER	Geometric Shapes
â—„	1.0	1.7320508075688772	24
# BASEBALL	Miscellaneous Symbols
âš¾	-0.16666666666666666	3.362373500305336	24
# EVERGREEN TREE	Miscellaneous Symbols and Pictographs
ğŸŒ²	1.7391304347826086	2.5912459870871887	23
# OLDER MAN	Miscellaneous Symbols and Pictographs
ğŸ‘´	1.0434782608695652	3.1688464623110604	23
# HOUSE BUILDING	Miscellaneous Symbols and Pictographs
ğŸ 	2.260869565217391	2.3072172454646256	23
# GRAPES	Miscellaneous Symbols and Pictographs
ğŸ‡	1.2173913043478262	3.2162160015490313	23
# RICE CRACKER	Miscellaneous Symbols and Pictographs
ğŸ˜	1.7391304347826086	3.299767993219178	23
# CURRY AND RICE	Miscellaneous Symbols and Pictographs
ğŸ›	0.17391304347826086	3.4345074188054787	23
# RABBIT	Miscellaneous Symbols and Pictographs
ğŸ‡	1.0434782608695652	2.94113643918048	23
# NO ONE UNDER EIGHTEEN SYMBOL	Miscellaneous Symbols and Pictographs
ğŸ”	-0.17391304347826086	2.760783976763051	23
# OLDER WOMAN	Miscellaneous Symbols and Pictographs
ğŸ‘µ	1.9130434782608696	3.3089213200765997	23
# BLACK LEFT-POINTING TRIANGLE	Geometric Shapes
â—€	1.2173913043478262	1.8405226511753676	23
# BACK WITH LEFTWARDS ARROW ABOVE	Miscellaneous Symbols and Pictographs
ğŸ”™	0.8695652173913043	2.346215228388181	23
# CACTUS	Miscellaneous Symbols and Pictographs
ğŸŒµ	0.8695652173913043	3.3271524295146073	23
# PIG NOSE	Miscellaneous Symbols and Pictographs
ğŸ½	0.5454545454545454	3.0260576321987704	22
# CUSTARD	Miscellaneous Symbols and Pictographs
ğŸ®	-0.5454545454545454	3.473631486280509	22
# FIREWORK SPARKLER	Miscellaneous Symbols and Pictographs
ğŸ‡	3.090909090909091	2.0650575802910085	22
# HORSE	Miscellaneous Symbols and Pictographs
ğŸ	1.8181818181818181	2.622219109428355	22
# HEAVY WIDE-HEADED RIGHTWARDS ARROW	Dingbats
â”	-0.5454545454545454	1.372697170049227	22
# BANKNOTE WITH EURO SIGN	Miscellaneous Symbols and Pictographs
ğŸ’¶	0.0	2.088931871468374	22
# BABY CHICK	Miscellaneous Symbols and Pictographs
ğŸ¤	2.3636363636363638	2.307014098263549	22
# BOX DRAWINGS DOUBLE UP AND HORIZONTAL	Box Drawing
â•©	0.9090909090909091	1.6762808104168883	22
# BATH	Transport and Map Symbols
ğŸ›€	0.5714285714285714	3.331972511340172	21
# NEW MOON SYMBOL	Miscellaneous Symbols and Pictographs
ğŸŒ‘	2.0952380952380953	2.6530263385112605	21
# BICYCLE	Transport and Map Symbols
ğŸš²	1.7142857142857142	2.332847374079217	21
# SHEEP	Miscellaneous Symbols and Pictographs
ğŸ‘	-0.7619047619047619	2.348348191607229	21
# CHEQUERED FLAG	Miscellaneous Symbols and Pictographs
ğŸ	2.2857142857142856	1.9794866372215743	21
# BREAD	Miscellaneous Symbols and Pictographs
ğŸ	0.19047619047619047	3.1414138099944076	21
# TENNIS RACQUET AND BALL	Miscellaneous Symbols and Pictographs
ğŸ¾	2.4761904761904763	2.6116779430099215	21
# BOX DRAWINGS DOUBLE UP AND RIGHT	Box Drawing
â•š	1.3333333333333333	1.8856180831641263	21
# SQUARED CJK UNIFIED IDEOGRAPH-5272	Enclosed Ideographic Supplement
ğŸˆ¹	1.3333333333333333	2.2537446792760436	21
# SPOUTING WHALE	Miscellaneous Symbols and Pictographs
ğŸ³	0.6	2.90516780926679	20
# POLICE OFFICER	Miscellaneous Symbols and Pictographs
ğŸ‘®	-1.6	2.65329983228432	20
# WHITE FROWNING FACE	Miscellaneous Symbols
â˜¹	-2.4	2.65329983228432	20
# MONKEY FACE	Miscellaneous Symbols and Pictographs
ğŸµ	2.2	2.3579652245103193	20
# CIRCLED WHITE STAR	Dingbats
âœª	1.4	1.907878402833891	20
# CIRCLE WITH ALL BUT UPPER LEFT QUADRANT BLACK	Geometric Shapes
â—•	2.0	2.0	20
# TOKYO TOWER	Miscellaneous Symbols and Pictographs
ğŸ—¼	2.4	2.332380757938121	20
# RIGHT HALF BLOCK	Block Elements
â–	-0.6	1.907878402833891	20
# BLACK SPADE SUIT	Miscellaneous Symbols
â™ 	1.4	1.907878402833891	20
# BOX DRAWINGS HEAVY DOWN AND HORIZONTAL	Box Drawing
â”³	-1.6	2.65329983228432	20
# JAPANESE GOBLIN	Miscellaneous Symbols and Pictographs
ğŸ‘º	-0.8421052631578947	3.0653094270654813	19
# SPIRAL SHELL	Miscellaneous Symbols and Pictographs
ğŸš	1.0526315789473684	2.1878536516659506	19
# EAR	Miscellaneous Symbols and Pictographs
ğŸ‘‚	-0.631578947368421	2.9772917102591476	19
# STATUE OF LIBERTY	Miscellaneous Symbols and Pictographs
ğŸ—½	1.4736842105263157	2.325339161513108	19
# TEACUP WITHOUT HANDLE	Miscellaneous Symbols and Pictographs
ğŸµ	1.6842105263157894	2.992141137589873	19
# SQUARED COOL	Enclosed Alphanumeric Supplement
ğŸ†’	1.6842105263157894	1.974911898873023	19
# HONEY POT	Miscellaneous Symbols and Pictographs
ğŸ¯	0.21052631578947367	3.5478525360742568	19
# WOLF FACE	Miscellaneous Symbols and Pictographs
ğŸº	1.0526315789473684	2.5437991523356995	19
# RIGHTWARDS WHITE ARROW	Arrows
â‡¨	2.1052631578947367	1.9972279958958183	19
# HEAVY CONCAVE-POINTED BLACK RIGHTWARDS ARROW	Dingbats
â¨	0.631578947368421	2.344321836981062	19
# FIRST QUARTER MOON SYMBOL	Miscellaneous Symbols and Pictographs
ğŸŒ“	2.736842105263158	1.859318077121652	19
# LOCK	Miscellaneous Symbols and Pictographs
ğŸ”’	0.8421052631578947	3.328713326493031	19
# BOX DRAWINGS DOUBLE VERTICAL AND HORIZONTAL	Box Drawing
â•¬	-0.631578947368421	2.679562539233233	19
# MAN WITH TURBAN	Miscellaneous Symbols and Pictographs
ğŸ‘³	2.888888888888889	2.6010444246043614	18
# CLOSED UMBRELLA	Miscellaneous Symbols and Pictographs
ğŸŒ‚	1.1111111111111112	2.601044424604361	18
# BUS	Transport and Map Symbols
ğŸšŒ	0.8888888888888888	2.514157444218836	18
# QUARTER NOTE	Miscellaneous Symbols
â™©	2.4444444444444446	1.9499920860871383	18
# DANGO	Miscellaneous Symbols and Pictographs
ğŸ¡	-0.2222222222222222	2.8196838978776713	18
# ROTATED HEAVY BLACK HEART BULLET	Dingbats
â¥	1.1111111111111112	1.7916128329552334	18
# FERRIS WHEEL	Miscellaneous Symbols and Pictographs
ğŸ¡	1.3333333333333333	2.309401076758503	18
# LOVE LETTER	Miscellaneous Symbols and Pictographs
ğŸ’Œ	2.3529411764705883	2.764080029287231	17
# POODLE	Miscellaneous Symbols and Pictographs
ğŸ©	1.6470588235294117	1.9686118271390012	17
# LAST QUARTER MOON WITH FACE	Miscellaneous Symbols and Pictographs
ğŸŒœ	2.3529411764705883	1.9686118271390014	17
# WATCH	Miscellaneous Technical
âŒš	0.9411764705882353	2.57751791767137	17
# SHOWER	Transport and Map Symbols
ğŸš¿	2.823529411764706	2.28126110937239	17
# PIG	Miscellaneous Symbols and Pictographs
ğŸ–	0.7058823529411765	1.524880164331261	17
# HIGH BRIGHTNESS SYMBOL	Miscellaneous Symbols and Pictographs
ğŸ”†	2.588235294117647	1.9115384481496376	17
# FIRST QUARTER MOON WITH FACE	Miscellaneous Symbols and Pictographs
ğŸŒ›	2.588235294117647	1.9115384481496376	17
# GUARDSMAN	Miscellaneous Symbols and Pictographs
ğŸ’‚	-0.7058823529411765	3.4259340655437733	17
# CHICKEN	Miscellaneous Symbols and Pictographs
ğŸ”	1.411764705882353	2.3529411764705883	17
# PERSON WITH POUTING FACE	Emoticons
ğŸ™	-0.23529411764705882	3.749971164825701	17
# LOVE HOTEL	Miscellaneous Symbols and Pictographs
ğŸ©	2.0	2.8284271247461903	16
# REGIONAL INDICATOR SYMBOL LETTER F	Enclosed Alphanumeric Supplement
ğŸ‡«	2.25	1.984313483298443	16
# HAMMER	Miscellaneous Symbols and Pictographs
ğŸ”¨	-0.5	3.122498999199199	16
# PUBLIC ADDRESS LOUDSPEAKER	Miscellaneous Symbols and Pictographs
ğŸ“¢	2.0	2.0	16
# BIRD	Miscellaneous Symbols and Pictographs
ğŸ¦	2.0	2.0	16
# DRAGON FACE	Miscellaneous Symbols and Pictographs
ğŸ²	-0.25	1.713913650100261	16
# BLACK UNIVERSAL RECYCLING SYMBOL	Miscellaneous Symbols
â™»	2.25	1.984313483298443	16
# WANING CRESCENT MOON SYMBOL	Miscellaneous Symbols and Pictographs
ğŸŒ˜	2.75	1.8540496217739157	16
# PEAR	Miscellaneous Symbols and Pictographs
ğŸ	0.75	3.526683994916471	16
# WAXING GIBBOUS MOON SYMBOL	Miscellaneous Symbols and Pictographs
ğŸŒ”	2.75	1.8540496217739157	16
# BOX DRAWINGS DOWN DOUBLE AND HORIZONTAL SINGLE	Box Drawing
â•¥	0.5	3.7080992435478315	16
# EIGHT TEARDROP-SPOKED PROPELLER ASTERISK	Dingbats
âŠ	0.0	0.0	16
# JEANS	Miscellaneous Symbols and Pictographs
ğŸ‘–	1.6	2.444040370643115	15
# WOMENS SYMBOL	Transport and Map Symbols
ğŸšº	0.8	2.6127890589687235	15
# KISSING FACE	Emoticons
ğŸ˜—	2.933333333333333	2.2939534045447005	15
# PERFORMING ARTS	Miscellaneous Symbols and Pictographs
ğŸ­	0.0	3.265986323710904	15
# COW	Miscellaneous Symbols and Pictographs
ğŸ„	1.3333333333333333	2.796823595120404	15
# LOWER LEFT QUADRANT CIRCULAR ARC	Geometric Shapes
â—Ÿ	-0.26666666666666666	1.768866554856213	15
# ODEN	Miscellaneous Symbols and Pictographs
ğŸ¢	-0.5333333333333333	2.8720878971384023	15
# ARTIST PALETTE	Miscellaneous Symbols and Pictographs
ğŸ¨	0.8	2.1664102412362563	15
# DOWNWARDS BLACK ARROW	Miscellaneous Symbols and Arrows
â¬‡	1.8666666666666667	2.8720878971384027	15
# BABY SYMBOL	Transport and Map Symbols
ğŸš¼	2.6666666666666665	1.885618083164127	15
# FOUNTAIN	Miscellaneous Symbols
â›²	0.26666666666666666	1.768866554856213	15
# LOWER ONE EIGHTH BLOCK	Block Elements
â–	0.0	0.0	15
# REGIONAL INDICATOR SYMBOL LETTER O	Enclosed Alphanumeric Supplement
ğŸ‡´	1.6	1.9595917942265428	15
# LAST QUARTER MOON SYMBOL	Miscellaneous Symbols and Pictographs
ğŸŒ—	2.933333333333333	1.7688665548562132	15
# WANING GIBBOUS MOON SYMBOL	Miscellaneous Symbols and Pictographs
ğŸŒ–	2.933333333333333	1.7688665548562132	15
# LOW BRIGHTNESS SYMBOL	Miscellaneous Symbols and Pictographs
ğŸ”…	4.0	0.0	15
# HANDBAG	Miscellaneous Symbols and Pictographs
ğŸ‘œ	1.1428571428571428	2.799416848895061	14
# SNAIL	Miscellaneous Symbols and Pictographs
ğŸŒ	3.142857142857143	1.6413036132965795	14
# BRIEFCASE	Miscellaneous Symbols and Pictographs
ğŸ’¼	2.5714285714285716	2.4411439272335804	14
# TAXI	Transport and Map Symbols
ğŸš•	0.0	2.6186146828319083	14
# HAMSTER FACE	Miscellaneous Symbols and Pictographs
ğŸ¹	1.4285714285714286	3.2450904833144416	14
# SHOOTING STAR	Miscellaneous Symbols and Pictographs
ğŸŒ 	2.5714285714285716	2.8713930346059686	14
# CAT	Miscellaneous Symbols and Pictographs
ğŸˆ	1.4285714285714286	1.9166296949998194	14
# UPWARDS WHITE ARROW	Arrows
â‡§	0.5714285714285714	1.3997084244475306	14
# BLACK TELEPHONE	Miscellaneous Symbols
â˜	0.0	2.138089935299395	14
# FOGGY	Miscellaneous Symbols and Pictographs
ğŸŒ	0.8571428571428571	2.2314999074019015	14
# MEDIUM BLACK CIRCLE	Miscellaneous Symbols
âš«	1.1428571428571428	3.181579635902869	14
# WHITE CLUB SUIT	Miscellaneous Symbols
â™§	2.2857142857142856	1.979486637221574	14
# EUROPEAN CASTLE	Miscellaneous Symbols and Pictographs
ğŸ°	1.4285714285714286	2.441143927233581	14
# MOUNTAIN BICYCLIST	Transport and Map Symbols
ğŸšµ	1.7142857142857142	1.9794866372215738	14
# ROLLER COASTER	Miscellaneous Symbols and Pictographs
ğŸ¢	2.2857142857142856	2.4907993963089567	14
# SAXOPHONE	Miscellaneous Symbols and Pictographs
ğŸ·	3.142857142857143	1.6413036132965795	14
# WIND CHIME	Miscellaneous Symbols and Pictographs
ğŸ	0.8571428571428571	1.6413036132965801	14
# BOX DRAWINGS LIGHT QUADRUPLE DASH HORIZONTAL	Box Drawing
â”ˆ	-2.857142857142857	2.7994168488950613	14
# BOX DRAWINGS DOUBLE DOWN AND LEFT	Box Drawing
â•—	1.7142857142857142	1.9794866372215738	14
# BOX DRAWINGS LIGHT DIAGONAL UPPER RIGHT TO LOWER LEFT	Box Drawing
â•±	0.0	0.0	14
# SUNSET OVER BUILDINGS	Miscellaneous Symbols and Pictographs
ğŸŒ‡	2.4615384615384617	1.9460170216420798	13
# ALARM CLOCK	Miscellaneous Technical
â°	2.1538461538461537	2.9831876045638945	13
# DOWNWARDS WHITE ARROW	Arrows
â‡©	0.0	0.0	13
# STEAM LOCOMOTIVE	Transport and Map Symbols
ğŸš‚	1.2307692307692308	1.8461538461538463	13
# UPPER HALF CIRCLE	Geometric Shapes
â— 	2.1538461538461537	1.9940740610485723	13
# SKI AND SKI BOOT	Miscellaneous Symbols and Pictographs
ğŸ¿	1.8461538461538463	2.5372957696108682	13
# BLACK FOUR POINTED STAR	Dingbats
âœ¦	0.3076923076923077	1.0658774200423862	13
# SQUARED ID	Enclosed Alphanumeric Supplement
ğŸ†”	3.6923076923076925	1.065877420042386	13
# CHURCH	Miscellaneous Symbols
â›ª	0.6153846153846154	2.646869312936193	13
# WAXING CRESCENT MOON SYMBOL	Miscellaneous Symbols and Pictographs
ğŸŒ’	2.769230769230769	1.8461538461538463	13
# DROMEDARY CAMEL	Miscellaneous Symbols and Pictographs
ğŸª	2.769230769230769	1.8461538461538463	13
# BOX DRAWINGS DOUBLE DOWN AND RIGHT	Box Drawing
â•”	1.2307692307692308	1.8461538461538463	13
# BOX DRAWINGS DOUBLE UP AND LEFT	Box Drawing
â•	2.1538461538461537	1.9940740610485723	13
# NECKTIE	Miscellaneous Symbols and Pictographs
ğŸ‘”	1.6666666666666667	3.036811193048099	12
# TRIDENT EMBLEM	Miscellaneous Symbols and Pictographs
ğŸ”±	0.3333333333333333	3.0368111930480994	12
# SQUARED FREE	Enclosed Alphanumeric Supplement
ğŸ†“	1.0	1.7320508075688772	12
# WHALE	Miscellaneous Symbols and Pictographs
ğŸ‹	1.0	2.886751345948129	12
# WHITE DOWN-POINTING TRIANGLE	Geometric Shapes
â–½	2.0	2.581988897471611	12
# LOWER ONE QUARTER BLOCK	Block Elements
â–‚	0.0	0.0	12
# BUG	Miscellaneous Symbols and Pictographs
ğŸ›	1.3333333333333333	2.981423969999719	12
# T-SHIRT	Miscellaneous Symbols and Pictographs
ğŸ‘•	2.0	2.581988897471611	12
# TRAM CAR	Transport and Map Symbols
ğŸš‹	0.3333333333333333	1.1055415967851332	12
# CREDIT CARD	Miscellaneous Symbols and Pictographs
ğŸ’³	2.0	2.581988897471611	12
# CITYSCAPE AT DUSK	Miscellaneous Symbols and Pictographs
ğŸŒ†	0.6666666666666666	2.748737083745107	12
# AUTOMATED TELLER MACHINE	Miscellaneous Symbols and Pictographs
ğŸ§	4.0	0.0	12
# ELECTRIC LIGHT BULB	Miscellaneous Symbols and Pictographs
ğŸ’¡	3.0	1.7320508075688772	12
# SMALL BLUE DIAMOND	Miscellaneous Symbols and Pictographs
ğŸ”¹	0.6666666666666666	2.748737083745107	12
# LEFTWARDS BLACK ARROW	Miscellaneous Symbols and Arrows
â¬…	2.3333333333333335	1.9720265943665387	12
# ROASTED SWEET POTATO	Miscellaneous Symbols and Pictographs
ğŸ 	0.0	3.6514837167011076	12
# BACTRIAN CAMEL	Miscellaneous Symbols and Pictographs
ğŸ«	1.6666666666666667	1.9720265943665387	12
# CONVENIENCE STORE	Miscellaneous Symbols and Pictographs
ğŸª	0.3333333333333333	2.5603819159562025	12
# ARABIC PLACE OF SAJDAH	Arabic
Û©	0.0	0.0	12
# REGIONAL INDICATOR SYMBOL LETTER L	Enclosed Alphanumeric Supplement
ğŸ‡±	2.0	2.0	12
# VIDEO CAMERA	Miscellaneous Symbols and Pictographs
ğŸ“¹	2.1818181818181817	2.6222191094283556	11
# MANS SHOE	Miscellaneous Symbols and Pictographs
ğŸ‘	2.1818181818181817	2.6222191094283556	11
# AMBULANCE	Transport and Map Symbols
ğŸš‘	0.36363636363636365	3.1701083225750346	11
# SQUARED SOS	Enclosed Alphanumeric Supplement
ğŸ†˜	0.36363636363636365	3.5998163405860595	11
# WOMANS CLOTHES	Miscellaneous Symbols and Pictographs
ğŸ‘š	2.909090909090909	1.7814470856604931	11
# ONCOMING BUS	Transport and Map Symbols
ğŸš	0.36363636363636365	3.5998163405860595	11
# WHITE SQUARE	Geometric Shapes
â–¡	-1.0909090909090908	3.8483655433666772	11
# OX	Miscellaneous Symbols and Pictographs
ğŸ‚	0.7272727272727273	2.2998382983042758	11
# ROWBOAT	Transport and Map Symbols
ğŸš£	2.909090909090909	1.7814470856604931	11
# EIGHT SPOKED ASTERISK	Dingbats
âœ³	0.0	0.0	11
# RUGBY FOOTBALL	Miscellaneous Symbols and Pictographs
ğŸ‰	2.5454545454545454	1.9241827716833388	11
# MOUNT FUJI	Miscellaneous Symbols and Pictographs
ğŸ—»	2.909090909090909	1.7814470856604931	11
# RAT	Miscellaneous Symbols and Pictographs
ğŸ€	0.7272727272727273	2.2998382983042758	11
# BOX DRAWINGS DOUBLE DOWN AND HORIZONTAL	Box Drawing
â•¦	1.8181818181818181	1.9917183909278766	11
# TENT	Miscellaneous Symbols
â›º	2.4	2.65329983228432	10
# DOG	Miscellaneous Symbols and Pictographs
ğŸ•	1.2	2.5612496949731396	10
# SNOWBOARDER	Miscellaneous Symbols and Pictographs
ğŸ‚	2.0	2.6832815729997477	10
# WOMANS SANDAL	Miscellaneous Symbols and Pictographs
ğŸ‘¡	2.0	2.6832815729997477	10
# RADIO	Miscellaneous Symbols and Pictographs
ğŸ“»	1.6	2.65329983228432	10
# BLACK NIB	Dingbats
âœ’	1.2	2.5612496949731396	10
# CHESTNUT	Miscellaneous Symbols and Pictographs
ğŸŒ°	2.8	1.8330302779823362	10
# OFFICE BUILDING	Miscellaneous Symbols and Pictographs
ğŸ¢	0.8	1.6000000000000003	10
# SCHOOL SATCHEL	Miscellaneous Symbols and Pictographs
ğŸ’	2.4	2.65329983228432	10
# ARC	Miscellaneous Technical
âŒ’	2.8	1.8330302779823362	10
# SCHOOL	Miscellaneous Symbols and Pictographs
ğŸ«	-1.2	3.6	10
# MOBILE PHONE OFF	Miscellaneous Symbols and Pictographs
ğŸ“´	3.2	2.4	10
# SHIP	Transport and Map Symbols
ğŸš¢	1.2	3.6	10
# DELIVERY TRUCK	Transport and Map Symbols
ğŸšš	-0.4	2.154065922853802	10
# DRAGON	Miscellaneous Symbols and Pictographs
ğŸ‰	0.8	1.6000000000000003	10
# UPPER RIGHT SHADOWED WHITE SQUARE	Dingbats
â’	1.2	1.8330302779823358	10
# CROCODILE	Miscellaneous Symbols and Pictographs
ğŸŠ	0.4	2.8000000000000003	10
# BELL	Miscellaneous Symbols and Pictographs
ğŸ””	4.0	0.0	10
# BLACK LOWER RIGHT TRIANGLE	Geometric Shapes
â—¢	3.2	1.6	10
# HOSPITAL	Miscellaneous Symbols and Pictographs
ğŸ¥	1.3333333333333333	2.6666666666666665	9
# WHITE QUESTION MARK ORNAMENT	Dingbats
â”	0.0	3.265986323710904	9
# ONCOMING TAXI	Transport and Map Symbols
ğŸš–	-0.4444444444444444	2.9481109247603556	9
# PLAYING CARD BLACK JOKER	Playing Cards
ğŸƒ	0.4444444444444444	3.4995590551163605	9
# BLACK DOWN-POINTING TRIANGLE	Geometric Shapes
â–¼	0.4444444444444444	2.9481109247603556	9
# LEFT HALF BLOCK	Block Elements
â–Œ	-1.3333333333333333	2.6666666666666665	9
# BLACK RIGHT POINTING INDEX	Miscellaneous Symbols
â˜›	1.7777777777777777	1.9876159799998132	9
# STRESS OUTLINED WHITE STAR	Dingbats
âœ©	0.0	0.0	9
# WEDDING	Miscellaneous Symbols and Pictographs
ğŸ’’	2.6666666666666665	1.8856180831641267	9
# SPEEDBOAT	Transport and Map Symbols
ğŸš¤	1.7777777777777777	1.9876159799998132	9
# GOAT	Miscellaneous Symbols and Pictographs
ğŸ	2.2222222222222223	1.9876159799998132	9
# BLACK SQUARE	Geometric Shapes
â– 	-1.3333333333333333	3.265986323710904	9
# END WITH LEFTWARDS ARROW ABOVE	Miscellaneous Symbols and Pictographs
ğŸ”š	1.7777777777777777	2.739739556875101	9
# VIOLIN	Miscellaneous Symbols and Pictographs
ğŸ»	1.7777777777777777	1.9876159799998132	9
# LARGE BLUE DIAMOND	Miscellaneous Symbols and Pictographs
ğŸ”·	0.8888888888888888	1.6629588385661962	9
# VERTICAL TRAFFIC LIGHT	Transport and Map Symbols
ğŸš¦	0.4444444444444444	2.9481109247603556	9
# OPEN LOCK	Miscellaneous Symbols and Pictographs
ğŸ”“	0.4444444444444444	3.4995590551163605	9
# RUNNING SHIRT WITH SASH	Miscellaneous Symbols and Pictographs
ğŸ½	2.2222222222222223	1.9876159799998132	9
# CALENDAR	Miscellaneous Symbols and Pictographs
ğŸ“…	0.8888888888888888	3.1426968052735447	9
# TRUMPET	Miscellaneous Symbols and Pictographs
ğŸº	3.111111111111111	2.5141574442188355	9
# PINWHEEL STAR	Dingbats
âœ¯	0.0	0.0	9
# MELON	Miscellaneous Symbols and Pictographs
ğŸˆ	-1.7777777777777777	3.3259176771323924	9
# ENVELOPE	Dingbats
âœ‰	1.3333333333333333	2.6666666666666665	9
# BOX DRAWINGS DOUBLE VERTICAL AND LEFT	Box Drawing
â•£	0.0	0.0	9
# BLACK UPPER LEFT TRIANGLE	Geometric Shapes
â—¤	4.0	0.0	9
# WHITE CIRCLE	Geometric Shapes
â—‹	2.5	1.9364916731037085	8
# BABY BOTTLE	Miscellaneous Symbols and Pictographs
ğŸ¼	2.5	2.7838821814150108	8
# DVD	Miscellaneous Symbols and Pictographs
ğŸ“€	0.5	2.3979157616563596	8
# ARTICULATED LORRY	Transport and Map Symbols
ğŸš›	-1.0	1.7320508075688772	8
# NOTEBOOK	Miscellaneous Symbols and Pictographs
ğŸ““	1.0	2.6457513110645907	8
# SUN	Miscellaneous Symbols
â˜‰	1.0	1.7320508075688772	8
# BANKNOTE WITH YEN SIGN	Miscellaneous Symbols and Pictographs
ğŸ’´	-1.0	2.6457513110645907	8
# BOX DRAWINGS LIGHT VERTICAL AND HORIZONTAL	Box Drawing
â”¼	0.0	2.8284271247461903	8
# WATER BUFFALO	Miscellaneous Symbols and Pictographs
ğŸƒ	0.0	0.0	8
# CURLY LOOP	Dingbats
â°	-0.5	3.7080992435478315	8
# ELECTRIC PLUG	Miscellaneous Symbols and Pictographs
ğŸ”Œ	-0.5	3.122498999199199	8
# MUSHROOM	Miscellaneous Symbols and Pictographs
ğŸ„	0.0	2.8284271247461903	8
# CLOSED BOOK	Miscellaneous Symbols and Pictographs
ğŸ“•	1.0	2.6457513110645907	8
# CHEERING MEGAPHONE	Miscellaneous Symbols and Pictographs
ğŸ“£	2.0	2.8284271247461903	8
# POLICE CAR	Transport and Map Symbols
ğŸš“	1.5	1.9364916731037085	8
# BOAR	Miscellaneous Symbols and Pictographs
ğŸ—	2.5	1.9364916731037085	8
# RIGHTWARDS ARROW WITH HOOK	Arrows
â†ª	0.5	1.3228756555322954	8
# FLAG IN HOLE	Miscellaneous Symbols
â›³	3.5	1.3228756555322954	8
# BOX DRAWINGS HEAVY UP AND HORIZONTAL	Box Drawing
â”»	-2.0	3.4641016151377544	8
# BOX DRAWINGS HEAVY UP AND LEFT	Box Drawing
â”›	3.0	1.7320508075688772	8
# BOX DRAWINGS HEAVY VERTICAL	Box Drawing
â”ƒ	2.0	2.0	8
# PERSON WITH BLOND HAIR	Miscellaneous Symbols and Pictographs
ğŸ‘±	0.5714285714285714	2.5555062599997593	7
# HOURGLASS WITH FLOWING SAND	Miscellaneous Technical
â³	0.0	3.7032803990902057	7
# SEAT	Miscellaneous Symbols and Pictographs
ğŸ’º	1.1428571428571428	2.799416848895061	7
# HORSE RACING	Miscellaneous Symbols and Pictographs
ğŸ‡	-0.5714285714285714	3.3319725113401715	7
# BLACK SMILING FACE	Miscellaneous Symbols
â˜»	1.1428571428571428	2.799416848895061	7
# TELEPHONE RECEIVER	Miscellaneous Symbols and Pictographs
ğŸ“	2.2857142857142856	1.979486637221574	7
# CIRCLED LATIN CAPITAL LETTER A	Enclosed Alphanumerics
â’¶	-0.5714285714285714	2.5555062599997593	7
# BRIDGE AT NIGHT	Miscellaneous Symbols and Pictographs
ğŸŒ‰	2.857142857142857	1.8070158058105024	7
# TRIANGULAR FLAG ON POST	Transport and Map Symbols
ğŸš©	-1.1428571428571428	2.799416848895061	7
# LOWER RIGHT PENCIL	Dingbats
âœ	2.857142857142857	1.8070158058105024	7
# PAGE WITH CURL	Miscellaneous Symbols and Pictographs
ğŸ“ƒ	2.2857142857142856	1.979486637221574	7
# HOTEL	Miscellaneous Symbols and Pictographs
ğŸ¨	1.1428571428571428	1.8070158058105028	7
# PUSHPIN	Miscellaneous Symbols and Pictographs
ğŸ“Œ	-2.2857142857142856	2.913725436338734	7
# LIBRA	Miscellaneous Symbols
â™	-0.5714285714285714	2.5555062599997593	7
# BANKNOTE WITH POUND SIGN	Miscellaneous Symbols and Pictographs
ğŸ’·	2.2857142857142856	1.979486637221574	7
# HIGH-SPEED TRAIN	Transport and Map Symbols
ğŸš„	2.857142857142857	1.8070158058105024	7
# BLACK UP-POINTING TRIANGLE	Geometric Shapes
â–²	2.857142857142857	1.8070158058105024	7
# SAILBOAT	Miscellaneous Symbols
â›µ	2.857142857142857	1.8070158058105024	7
# SMALL ORANGE DIAMOND	Miscellaneous Symbols and Pictographs
ğŸ”¸	1.1428571428571428	1.8070158058105028	7
# HOURGLASS	Miscellaneous Technical
âŒ›	0.5714285714285714	3.3319725113401715	7
# TRACTOR	Transport and Map Symbols
ğŸšœ	4.0	0.0	7
# LEOPARD	Miscellaneous Symbols and Pictographs
ğŸ†	1.7142857142857142	1.979486637221574	7
# WOMANS HAT	Miscellaneous Symbols and Pictographs
ğŸ‘’	1.1428571428571428	2.799416848895061	7
# WHITE EXCLAMATION MARK ORNAMENT	Dingbats
â•	1.1428571428571428	2.799416848895061	7
# ON WITH EXCLAMATION MARK WITH LEFT RIGHT ARROW ABOVE	Miscellaneous Symbols and Pictographs
ğŸ”›	2.2857142857142856	2.913725436338734	7
# WHITE DIAMOND SUIT	Miscellaneous Symbols
â™¢	1.7142857142857142	1.979486637221574	7
# REGIONAL INDICATOR SYMBOL LETTER M	Enclosed Alphanumeric Supplement
ğŸ‡²	2.2857142857142856	1.979486637221574	7
# TIGHT TRIFOLIATE SNOWFLAKE	Dingbats
â…	3.4285714285714284	1.3997084244475304	7
# POUCH	Miscellaneous Symbols and Pictographs
ğŸ‘	2.0	3.0550504633038935	6
# SHADOWED WHITE LATIN CROSS	Dingbats
âœ	2.0	2.0	6
# LOWER HALF CIRCLE	Geometric Shapes
â—¡	1.3333333333333333	1.885618083164127	6
# TANABATA TREE	Miscellaneous Symbols and Pictographs
ğŸ‹	2.6666666666666665	2.981423969999719	6
# BUSTS IN SILHOUETTE	Miscellaneous Symbols and Pictographs
ğŸ‘¥	1.3333333333333333	2.9814239699997196	6
# NO MOBILE PHONES	Miscellaneous Symbols and Pictographs
ğŸ“µ	0.6666666666666666	2.748737083745107	6
# BLOWFISH	Miscellaneous Symbols and Pictographs
ğŸ¡	1.3333333333333333	1.885618083164127	6
# BLACK DIAMOND	Geometric Shapes
â—†	3.3333333333333335	1.4907119849998598	6
# JAPANESE CASTLE	Miscellaneous Symbols and Pictographs
ğŸ¯	0.6666666666666666	1.49071198499986	6
# UMBRELLA	Miscellaneous Symbols
â˜‚	0.0	2.309401076758503	6
# TELESCOPE	Miscellaneous Symbols and Pictographs
ğŸ”­	2.0	2.0	6
# CIRCUS TENT	Miscellaneous Symbols and Pictographs
ğŸª	1.3333333333333333	1.885618083164127	6
# ANT	Miscellaneous Symbols and Pictographs
ğŸœ	2.6666666666666665	1.8856180831641267	6
# LEO	Miscellaneous Symbols
â™Œ	3.3333333333333335	1.4907119849998598	6
# BALLOT BOX	Miscellaneous Symbols
â˜	-4.0	0.0	6
# CONSTRUCTION WORKER	Miscellaneous Symbols and Pictographs
ğŸ‘·	1.3333333333333333	2.9814239699997196	6
# DOWNWARDS ARROW WITH TIP RIGHTWARDS	Arrows
â†³	0.0	0.0	6
# SPEAKER	Miscellaneous Symbols and Pictographs
ğŸ”ˆ	1.3333333333333333	1.885618083164127	6
# PAGE FACING UP	Miscellaneous Symbols and Pictographs
ğŸ“„	4.0	0.0	6
# ROUND PUSHPIN	Miscellaneous Symbols and Pictographs
ğŸ“	0.6666666666666666	2.748737083745107	6
# MINIBUS	Transport and Map Symbols
ğŸš	3.3333333333333335	1.4907119849998598	6
# ONCOMING POLICE CAR	Transport and Map Symbols
ğŸš”	0.0	2.309401076758503	6
# VOLCANO	Miscellaneous Symbols and Pictographs
ğŸŒ‹	2.6666666666666665	1.8856180831641267	6
# SATELLITE ANTENNA	Miscellaneous Symbols and Pictographs
ğŸ“¡	1.3333333333333333	2.9814239699997196	6
# BLACK RIGHT-POINTING DOUBLE TRIANGLE	Miscellaneous Technical
â©	0.6666666666666666	1.49071198499986	6
# NO BICYCLES	Transport and Map Symbols
ğŸš³	4.0	0.0	6
# HEAVY BALLOT X	Dingbats
âœ˜	3.3333333333333335	1.4907119849998598	6
# ARABIC START OF RUB EL HIZB	Arabic
Û	0.0	0.0	6
# LAST QUARTER MOON	Miscellaneous Symbols
â˜¾	0.0	0.0	6
# NEGATIVE SQUARED LATIN CAPITAL LETTER A	Enclosed Alphanumeric Supplement
ğŸ…°	1.3333333333333333	2.9814239699997196	6
# INBOX TRAY	Miscellaneous Symbols and Pictographs
ğŸ“¥	0.0	0.0	6
# REGIONAL INDICATOR SYMBOL LETTER W	Enclosed Alphanumeric Supplement
ğŸ‡¼	2.0	2.0	6
# BOX DRAWINGS HEAVY DOWN AND LEFT	Box Drawing
â”“	2.6666666666666665	1.8856180831641267	6
# BOX DRAWINGS HEAVY VERTICAL AND RIGHT	Box Drawing
â”£	2.6666666666666665	1.8856180831641267	6
# CIRCLED LATIN CAPITAL LETTER L	Enclosed Alphanumerics
â“	2.0	2.0	6
# CIRCLED LATIN CAPITAL LETTER E	Enclosed Alphanumerics
â’º	2.0	2.0	6
# ELECTRIC TORCH	Miscellaneous Symbols and Pictographs
ğŸ”¦	0.0	0.0	5
# BUST IN SILHOUETTE	Miscellaneous Symbols and Pictographs
ğŸ‘¤	3.2	1.6	5
# HELICOPTER	Transport and Map Symbols
ğŸš	0.8	1.6000000000000003	5
# CAROUSEL HORSE	Miscellaneous Symbols and Pictographs
ğŸ 	2.4	1.9595917942265426	5
# MOUSE	Miscellaneous Symbols and Pictographs
ğŸ	-1.6	1.9595917942265426	5
# GREEN BOOK	Miscellaneous Symbols and Pictographs
ğŸ“—	0.8	2.9933259094191533	5
# BOX DRAWINGS LIGHT DOWN AND LEFT	Box Drawing
â”	-0.8	2.9933259094191533	5
# PEACE SYMBOL	Miscellaneous Symbols
â˜®	0.0	3.5777087639996634	5
# MALE SIGN	Miscellaneous Symbols
â™‚	0.8	1.6000000000000003	5
# LOWER RIGHT QUADRANT CIRCULAR ARC	Geometric Shapes
â—	0.0	2.5298221281347035	5
# POSTAL HORN	Miscellaneous Symbols and Pictographs
ğŸ“¯	-0.8	1.6000000000000003	5
# NUT AND BOLT	Miscellaneous Symbols and Pictographs
ğŸ”©	0.8	2.9933259094191533	5
# WOMANS BOOTS	Miscellaneous Symbols and Pictographs
ğŸ‘¢	3.2	1.6	5
# BLACK LEFT-POINTING SMALL TRIANGLE	Geometric Shapes
â—‚	1.6	1.9595917942265426	5
# NEWSPAPER	Miscellaneous Symbols and Pictographs
ğŸ“°	1.6	3.2	5
# ANTENNA WITH BARS	Miscellaneous Symbols and Pictographs
ğŸ“¶	1.6	1.9595917942265426	5
# HORIZONTAL TRAFFIC LIGHT	Transport and Map Symbols
ğŸš¥	0.0	2.5298221281347035	5
# SUNRISE OVER MOUNTAINS	Miscellaneous Symbols and Pictographs
ğŸŒ„	0.8	1.6000000000000003	5
# SILHOUETTE OF JAPAN	Miscellaneous Symbols and Pictographs
ğŸ—¾	1.6	1.9595917942265426	5
# LARGE ORANGE DIAMOND	Miscellaneous Symbols and Pictographs
ğŸ”¶	1.6	1.9595917942265426	5
# EUROPEAN POST OFFICE	Miscellaneous Symbols and Pictographs
ğŸ¤	1.6	1.9595917942265426	5
# TOP HAT	Miscellaneous Symbols and Pictographs
ğŸ©	1.6	1.9595917942265426	5
# CIRCLED LATIN CAPITAL LETTER M	Enclosed Alphanumerics
â“‚	1.6	3.2	5
# WRENCH	Miscellaneous Symbols and Pictographs
ğŸ”§	-2.4	3.2000000000000006	5
# TIGER	Miscellaneous Symbols and Pictographs
ğŸ…	0.8	1.6000000000000003	5
# MUSIC NATURAL SIGN	Miscellaneous Symbols
â™®	0.8	1.6000000000000003	5
# NEGATIVE SQUARED LATIN CAPITAL LETTER O	Enclosed Alphanumeric Supplement
ğŸ…¾	-0.8	2.9933259094191533	5
# ANTICLOCKWISE DOWNWARDS AND UPWARDS OPEN CIRCLE ARROWS	Miscellaneous Symbols and Pictographs
ğŸ”„	0.0	0.0	5
# COMET	Miscellaneous Symbols
â˜„	0.0	0.0	5
# CROSS OF LORRAINE	Miscellaneous Symbols
â˜¨	0.0	0.0	5
